File,Status
bird_A001.tiff,golab
bird_A002.tiff,golab
bird_A003.tiff,golab
bird_A004.tiff,golab
bird_A005.tiff,golab
bird_A006.tiff,golab
bird_A007.tiff,golab
bird_A008.tiff,golab
bird_A009.tiff,golab
bird_A010.tiff,golab
bird_A011.tiff,golab
bird_A012.tiff,golab
bird_A013.tiff,golab
bird_A014.tiff,golab
bird_A015.tiff,golab
bird_A016.tiff,golab
bird_A017.tiff,golab
bird_A018.tiff,golab
bird_A019.tiff,golab
bird_A020.tiff,golab
bird_A021.tiff,golab
bird_A022.tiff,golab
bird_A023.tiff,golab
bird_A024.tiff,golab
bird_A025.tiff,golab
bird_A026.tiff,golab
bird_A027.tiff,golab
bird_A028.tiff,golab
bird_A029.tiff,golab
bird_A030.tiff,golab
bird_A031.tiff,golab
bird_A032.tiff,golab
bird_A033.tiff,golab
bird_A034.tiff,golab
bird_A035.tiff,golab
bird_A036.tiff,golab
bird_A037.tiff,golab
bird_A038.tiff,golab
bird_A039.tiff,golab
bird_A040.tiff,golab
bird_A041.tiff,golab
bird_A042.tiff,golab
bird_A043.tiff,golab
bird_A044.tiff,golab
bird_A045.tiff,golab
bird_A046.tiff,golab
bird_A047.tiff,golab
bird_A048.tiff,golab
bird_A049.tiff,golab
bird_A050.tiff,golab
bird_A051.tiff,golab
bird_A052.tiff,golab
bird_A053.tiff,golab
bird_A054.tiff,golab
bird_A055.tiff,golab
bird_A056.tiff,golab
bird_A057.tiff,golab
bird_A058.tiff,golab
bird_A059.tiff,golab
bird_A060.tiff,golab
bird_A061.tiff,golab
bird_A062.tiff,golab
bird_A063.tiff,golab
bird_A064.tiff,golab
bird_A065.tiff,golab
bird_A066.tiff,golab
bird_A067.tiff,golab
bird_A068.tiff,golab
bird_A069.tiff,golab
bird_A070.tiff,golab
bird_A071.tiff,golab
bird_A072.tiff,golab
bird_A073.tiff,golab
bird_A074.tiff,golab
bird_A075.tiff,golab
bird_A076.tiff,golab
bird_A077.tiff,golab
bird_A078.tiff,golab
bird_A079.tiff,golab
bird_A080.tiff,golab
bird_A081.tiff,golab
bird_A082.tiff,golab
bird_A083.tiff,golab
bird_A084.tiff,golab
bird_A085.tiff,golab
bird_A086.tiff,golab
bird_A087.tiff,golab
bird_A088.tiff,golab
bird_A089.tiff,golab
bird_A090.tiff,golab
bird_A091.tiff,golab
bird_A092.tiff,golab
bird_A093.tiff,golab
bird_A094.tiff,golab
bird_A095.tiff,golab
bird_A096.tiff,golab
bird_A097.tiff,golab
bird_A098.tiff,golab
bird_A099.tiff,golab
bird_A100.tiff,golab
bird_A101.tiff,golab
bird_A102.tiff,golab
bird_A103.tiff,golab
bird_A104.tiff,golab
bird_A105.tiff,golab
bird_A106.tiff,golab
bird_A107.tiff,golab
bird_A108.tiff,golab
bird_A109.tiff,golab
bird_A110.tiff,golab
bird_A111.tiff,golab
bird_A112.tiff,golab
bird_A113.tiff,golab
bird_A114.tiff,golab
bird_A115.tiff,golab
bird_A116.tiff,golab
bird_A117.tiff,golab
bird_A118.tiff,golab
bird_A119.tiff,golab
bird_A120.tiff,golab
bird_A121.tiff,golab
bird_A122.tiff,golab
bird_A123.tiff,golab
bird_A124.tiff,golab
bird_A125.tiff,golab
bird_A126.tiff,golab
bird_A127.tiff,golab
bird_A128.tiff,golab
bird_A129.tiff,golab
bird_A130.tiff,golab
bird_A131.tiff,golab
bird_A132.tiff,golab
bird_A133.tiff,golab
bird_A134.tiff,golab
bird_A135.tiff,golab
bird_A136.tiff,golab
bird_A137.tiff,golab
bird_A138.tiff,golab
bird_A139.tiff,golab
bird_A140.tiff,golab
bird_A141.tiff,golab
bird_A142.tiff,golab
bird_A143.tiff,golab
bird_A144.tiff,golab
bird_A145.tiff,golab
bird_A146.tiff,golab
bird_A147.tiff,golab
bird_A148.tiff,golab
bird_A149.tiff,golab
bird_A150.tiff,golab
bird_A151.tiff,golab
bird_A152.tiff,golab
bird_A153.tiff,golab
bird_A154.tiff,golab
bird_A155.tiff,golab
bird_A156.tiff,golab
bird_A157.tiff,golab
bird_A158.tiff,golab
bird_A159.tiff,golab
bird_A160.tiff,golab
bird_A161.tiff,golab
bird_A162.tiff,golab
bird_A163.tiff,golab
bird_A164.tiff,golab
bird_A165.tiff,golab
bird_A166.tiff,golab
bird_A167.tiff,golab
bird_A168.tiff,golab
bird_A169.tiff,golab
bird_A170.tiff,golab
bird_A171.tiff,golab
bird_A172.tiff,golab
bird_A173.tiff,golab
bird_A174.tiff,golab
bird_A175.tiff,golab
bird_A176.tiff,golab
bird_A177.tiff,golab
bird_A178.tiff,golab
bird_A179.tiff,golab
bird_A180.tiff,golab
bird_A181.tiff,golab
bird_A182.tiff,golab
bird_A183.tiff,golab
bird_A184.tiff,golab
bird_A185.tiff,golab
bird_A186.tiff,golab
bird_A187.tiff,golab
bird_A188.tiff,golab
bird_A189.tiff,golab
bird_A190.tiff,golab
bird_A191.tiff,golab
bird_A192.tiff,golab
bird_A193.tiff,golab
bird_A194.tiff,golab
bird_A195.tiff,golab
bird_A196.tiff,golab
bird_A197.tiff,golab
bird_A198.tiff,golab
bird_A199.tiff,golab
bird_A200.tiff,golab
bird_B001.tiff,bocian
bird_B002.tiff,bocian
bird_B003.tiff,bocian
bird_B004.tiff,bocian
bird_B005.tiff,bocian
bird_B006.tiff,bocian
bird_B007.tiff,bocian
bird_B008.tiff,bocian
bird_B009.tiff,bocian
bird_B010.tiff,bocian
bird_B011.tiff,bocian
bird_B012.tiff,bocian
bird_B013.tiff,bocian
bird_B014.tiff,bocian
bird_B015.tiff,bocian
bird_B016.tiff,bocian
bird_B017.tiff,bocian
bird_B018.tiff,bocian
bird_B019.tiff,bocian
bird_B020.tiff,bocian
bird_B021.tiff,bocian
bird_B022.tiff,bocian
bird_B023.tiff,bocian
bird_B024.tiff,bocian
bird_B025.tiff,bocian
bird_B026.tiff,bocian
bird_B027.tiff,bocian
bird_B028.tiff,bocian
bird_B029.tiff,bocian
bird_B030.tiff,bocian
bird_B031.tiff,bocian
bird_B032.tiff,bocian
bird_B033.tiff,bocian
bird_B034.tiff,bocian
bird_B035.tiff,bocian
bird_B036.tiff,bocian
bird_B037.tiff,bocian
bird_B038.tiff,bocian
bird_B039.tiff,bocian
bird_B040.tiff,bocian
bird_B041.tiff,bocian
bird_B042.tiff,bocian
bird_B043.tiff,bocian
bird_B044.tiff,bocian
bird_B045.tiff,bocian
bird_B046.tiff,bocian
bird_B047.tiff,bocian
bird_B048.tiff,bocian
bird_B049.tiff,bocian
bird_B050.tiff,bocian
bird_B051.tiff,bocian
bird_B052.tiff,bocian
bird_B053.tiff,bocian
bird_B054.tiff,bocian
bird_B055.tiff,bocian
bird_B056.tiff,bocian
bird_B057.tiff,bocian
bird_B058.tiff,bocian
bird_B059.tiff,bocian
bird_B060.tiff,bocian
bird_B061.tiff,bocian
bird_B062.tiff,bocian
bird_B063.tiff,bocian
bird_B064.tiff,bocian
bird_B065.tiff,bocian
bird_B066.tiff,bocian
bird_B067.tiff,bocian
bird_B068.tiff,bocian
bird_B069.tiff,bocian
bird_B070.tiff,bocian
bird_B071.tiff,bocian
bird_B072.tiff,bocian
bird_B073.tiff,bocian
bird_B074.tiff,bocian
bird_B075.tiff,bocian
bird_B076.tiff,bocian
bird_B077.tiff,bocian
bird_B078.tiff,bocian
bird_B079.tiff,bocian
bird_B080.tiff,bocian
bird_B081.tiff,bocian
bird_B082.tiff,bocian
bird_B083.tiff,bocian
bird_B084.tiff,bocian
bird_B085.tiff,bocian
bird_B086.tiff,bocian
bird_B087.tiff,bocian
bird_B088.tiff,bocian
bird_B089.tiff,bocian
bird_B090.tiff,bocian
bird_B091.tiff,bocian
bird_B092.tiff,bocian
bird_B093.tiff,bocian
bird_B094.tiff,bocian
bird_B095.tiff,bocian
bird_B096.tiff,bocian
bird_B097.tiff,bocian
bird_B098.tiff,bocian
bird_B099.tiff,bocian
bird_B100.tiff,bocian
bird_B101.tiff,bocian
bird_B102.tiff,bocian
bird_B103.tiff,bocian
bird_B104.tiff,bocian
bird_B105.tiff,bocian
bird_B106.tiff,bocian
bird_B107.tiff,bocian
bird_B108.tiff,bocian
bird_B109.tiff,bocian
bird_B110.tiff,bocian
bird_B111.tiff,bocian
bird_B112.tiff,bocian
bird_B113.tiff,bocian
bird_B114.tiff,bocian
bird_B115.tiff,bocian
bird_B116.tiff,bocian
bird_B117.tiff,bocian
bird_B118.tiff,bocian
bird_B119.tiff,bocian
bird_B120.tiff,bocian
bird_B121.tiff,bocian
bird_B122.tiff,bocian
bird_B123.tiff,bocian
bird_B124.tiff,bocian
bird_B125.tiff,bocian
bird_B126.tiff,bocian
bird_B127.tiff,bocian
bird_B128.tiff,bocian
bird_B129.tiff,bocian
bird_B130.tiff,bocian
bird_B131.tiff,bocian
bird_B132.tiff,bocian
bird_B133.tiff,bocian
bird_B134.tiff,bocian
bird_B135.tiff,bocian
bird_B136.tiff,bocian
bird_B137.tiff,bocian
bird_B138.tiff,bocian
bird_B139.tiff,bocian
bird_B140.tiff,bocian
bird_B141.tiff,bocian
bird_B142.tiff,bocian
bird_B143.tiff,bocian
bird_B144.tiff,bocian
bird_B145.tiff,bocian
bird_B146.tiff,bocian
bird_B147.tiff,bocian
bird_B148.tiff,bocian
bird_B149.tiff,bocian
bird_B150.tiff,bocian
bird_B151.tiff,bocian
bird_B152.tiff,bocian
bird_B153.tiff,bocian
bird_B154.tiff,bocian
bird_B155.tiff,bocian
bird_B156.tiff,bocian
bird_B157.tiff,bocian
bird_B158.tiff,bocian
bird_B159.tiff,bocian
bird_B160.tiff,bocian
bird_B161.tiff,bocian
bird_B162.tiff,bocian
bird_B163.tiff,bocian
bird_B164.tiff,bocian
bird_B165.tiff,bocian
bird_B166.tiff,bocian
bird_B167.tiff,bocian
bird_B168.tiff,bocian
bird_B169.tiff,bocian
bird_B170.tiff,bocian
bird_B171.tiff,bocian
bird_B172.tiff,bocian
bird_B173.tiff,bocian
bird_B174.tiff,bocian
bird_B175.tiff,bocian
bird_B176.tiff,bocian
bird_C001.tiff,kaczka
bird_C002.tiff,kaczka
bird_C003.tiff,kaczka
bird_C004.tiff,kaczka
bird_C005.tiff,kaczka
bird_C006.tiff,kaczka
bird_C007.tiff,kaczka
bird_C008.tiff,kaczka
bird_C009.tiff,kaczka
bird_C010.tiff,kaczka
bird_C011.tiff,kaczka
bird_C012.tiff,kaczka
bird_C013.tiff,kaczka
bird_C014.tiff,kaczka
bird_C015.tiff,kaczka
bird_C016.tiff,kaczka
bird_C017.tiff,kaczka
bird_C018.tiff,kaczka
bird_C019.tiff,kaczka
bird_C020.tiff,kaczka
bird_C021.tiff,kaczka
bird_C022.tiff,kaczka
bird_C023.tiff,kaczka
bird_C024.tiff,kaczka
bird_C025.tiff,kaczka
bird_C026.tiff,kaczka
bird_C027.tiff,kaczka
bird_C028.tiff,kaczka
bird_C029.tiff,kaczka
bird_C030.tiff,kaczka
bird_C031.tiff,kaczka
bird_C032.tiff,kaczka
bird_C033.tiff,kaczka
bird_C034.tiff,kaczka
bird_C035.tiff,kaczka
bird_C036.tiff,kaczka
bird_C037.tiff,kaczka
bird_C038.tiff,kaczka
bird_C039.tiff,kaczka
bird_C040.tiff,kaczka
bird_C041.tiff,kaczka
bird_C042.tiff,kaczka
bird_C043.tiff,kaczka
bird_C044.tiff,kaczka
bird_C045.tiff,kaczka
bird_C046.tiff,kaczka
bird_C047.tiff,kaczka
bird_C048.tiff,kaczka
bird_C049.tiff,kaczka
bird_C050.tiff,kaczka
bird_C051.tiff,kaczka
bird_C052.tiff,kaczka
bird_C053.tiff,kaczka
bird_C054.tiff,kaczka
bird_C055.tiff,kaczka
bird_C056.tiff,kaczka
bird_C057.tiff,kaczka
bird_C058.tiff,kaczka
bird_C059.tiff,kaczka
bird_C060.tiff,kaczka
bird_C061.tiff,kaczka
bird_C062.tiff,kaczka
bird_C063.tiff,kaczka
bird_C064.tiff,kaczka
bird_C065.tiff,kaczka
bird_C066.tiff,kaczka
bird_C067.tiff,kaczka
bird_C068.tiff,kaczka
bird_C069.tiff,kaczka
bird_C070.tiff,kaczka
bird_C071.tiff,kaczka
bird_C072.tiff,kaczka
bird_C073.tiff,kaczka
bird_C074.tiff,kaczka
bird_C075.tiff,kaczka
bird_C076.tiff,kaczka
bird_C077.tiff,kaczka
bird_C078.tiff,kaczka
bird_C079.tiff,kaczka
bird_C080.tiff,kaczka
bird_C081.tiff,kaczka
bird_C082.tiff,kaczka
bird_C083.tiff,kaczka
bird_C084.tiff,kaczka
bird_C085.tiff,kaczka
bird_C086.tiff,kaczka
bird_C087.tiff,kaczka
bird_C088.tiff,kaczka
bird_C089.tiff,kaczka
bird_C090.tiff,kaczka
bird_C091.tiff,kaczka
bird_C092.tiff,kaczka
bird_C093.tiff,kaczka
bird_C094.tiff,kaczka
bird_C095.tiff,kaczka
bird_C096.tiff,kaczka
bird_C097.tiff,kaczka
bird_C098.tiff,kaczka
bird_C099.tiff,kaczka
bird_C100.tiff,kaczka
bird_C101.tiff,kaczka
bird_C102.tiff,kaczka
bird_C103.tiff,kaczka
bird_C104.tiff,kaczka
bird_C105.tiff,kaczka
bird_C106.tiff,kaczka
bird_C107.tiff,kaczka
bird_C108.tiff,kaczka
bird_C109.tiff,kaczka
bird_C110.tiff,kaczka
bird_C111.tiff,kaczka
bird_C112.tiff,kaczka
bird_C113.tiff,kaczka
bird_C114.tiff,kaczka
bird_C115.tiff,kaczka
bird_C116.tiff,kaczka
bird_C117.tiff,kaczka
bird_C118.tiff,kaczka
bird_C119.tiff,kaczka
bird_C120.tiff,kaczka
bird_C121.tiff,kaczka
bird_C122.tiff,kaczka
bird_C123.tiff,kaczka
bird_C124.tiff,kaczka
bird_C125.tiff,kaczka
bird_C126.tiff,kaczka
bird_C127.tiff,kaczka
bird_C128.tiff,kaczka
bird_C129.tiff,kaczka
bird_C130.tiff,kaczka
bird_C131.tiff,kaczka
bird_C132.tiff,kaczka
bird_C133.tiff,kaczka
bird_C134.tiff,kaczka
bird_C135.tiff,kaczka
bird_C136.tiff,kaczka
bird_C137.tiff,kaczka
bird_C138.tiff,kaczka
bird_C139.tiff,kaczka
bird_C140.tiff,kaczka
bird_C141.tiff,kaczka
bird_C142.tiff,kaczka
bird_C143.tiff,kaczka
bird_C144.tiff,kaczka
bird_C145.tiff,kaczka
bird_C146.tiff,kaczka
bird_C147.tiff,kaczka
bird_C148.tiff,kaczka
bird_C149.tiff,kaczka
bird_C150.tiff,kaczka
bird_C151.tiff,kaczka
bird_C152.tiff,kaczka
bird_C153.tiff,kaczka
bird_C154.tiff,kaczka
bird_C155.tiff,kaczka
bird_C156.tiff,kaczka
bird_C157.tiff,kaczka
bird_C158.tiff,kaczka
bird_C159.tiff,kaczka
bird_C160.tiff,kaczka
bird_C161.tiff,kaczka
bird_C162.tiff,kaczka
bird_C163.tiff,kaczka
bird_C164.tiff,kaczka
bird_C165.tiff,kaczka
bird_C166.tiff,kaczka
bird_C167.tiff,kaczka
bird_C168.tiff,kaczka
bird_C169.tiff,kaczka
bird_C170.tiff,kaczka
bird_C171.tiff,kaczka
bird_C172.tiff,kaczka
bird_C173.tiff,kaczka
bird_C174.tiff,kaczka
bird_C175.tiff,kaczka
bird_C176.tiff,kaczka
bird_C177.tiff,kaczka
bird_C178.tiff,kaczka
bird_C179.tiff,kaczka
bird_C180.tiff,kaczka
bird_C181.tiff,kaczka
bird_C182.tiff,kaczka
bird_C183.tiff,kaczka
bird_C184.tiff,kaczka
bird_C185.tiff,kaczka
bird_C186.tiff,kaczka
bird_C187.tiff,kaczka
bird_C188.tiff,kaczka
bird_C189.tiff,kaczka
bird_C190.tiff,kaczka
bird_C191.tiff,kaczka
bird_C192.tiff,kaczka
bird_C193.tiff,kaczka
bird_C194.tiff,kaczka
bird_C195.tiff,kaczka
bird_C196.tiff,kaczka
bird_C197.tiff,kaczka
bird_C198.tiff,kaczka
bird_C199.tiff,kaczka
bird_C200.tiff,kaczka
bird_C201.tiff,kaczka
bird_C202.tiff,kaczka
bird_C203.tiff,kaczka
bird_C204.tiff,kaczka
bird_C205.tiff,kaczka
bird_C206.tiff,kaczka
bird_C207.tiff,kaczka
bird_C208.tiff,kaczka
bird_C209.tiff,kaczka
bird_C210.tiff,kaczka
bird_C211.tiff,kaczka
bird_C212.tiff,kaczka
bird_C213.tiff,kaczka
bird_C214.tiff,kaczka
bird_C215.tiff,kaczka
bird_D001.tiff,kawka
bird_D002.tiff,kawka
bird_D003.tiff,kawka
bird_D004.tiff,kawka
bird_D005.tiff,kawka
bird_D006.tiff,kawka
bird_D007.tiff,kawka
bird_D008.tiff,kawka
bird_D009.tiff,kawka
bird_D010.tiff,kawka
bird_D011.tiff,kawka
bird_D012.tiff,kawka
bird_D013.tiff,kawka
bird_D014.tiff,kawka
bird_D015.tiff,kawka
bird_D016.tiff,kawka
bird_D017.tiff,kawka
bird_D018.tiff,kawka
bird_D019.tiff,kawka
bird_D020.tiff,kawka
bird_D021.tiff,kawka
bird_D022.tiff,kawka
bird_D023.tiff,kawka
bird_D024.tiff,kawka
bird_D025.tiff,kawka
bird_D026.tiff,kawka
bird_D027.tiff,kawka
bird_D028.tiff,kawka
bird_D029.tiff,kawka
bird_D030.tiff,kawka
bird_D031.tiff,kawka
bird_D032.tiff,kawka
bird_D033.tiff,kawka
bird_D034.tiff,kawka
bird_D035.tiff,kawka
bird_D036.tiff,kawka
bird_D037.tiff,kawka
bird_D038.tiff,kawka
bird_D039.tiff,kawka
bird_D040.tiff,kawka
bird_D041.tiff,kawka
bird_D042.tiff,kawka
bird_D043.tiff,kawka
bird_D044.tiff,kawka
bird_D045.tiff,kawka
bird_D046.tiff,kawka
bird_D047.tiff,kawka
bird_D048.tiff,kawka
bird_D049.tiff,kawka
bird_D050.tiff,kawka
bird_D051.tiff,kawka
bird_D052.tiff,kawka
bird_D053.tiff,kawka
bird_D054.tiff,kawka
bird_D055.tiff,kawka
bird_D056.tiff,kawka
bird_D057.tiff,kawka
bird_D058.tiff,kawka
bird_D059.tiff,kawka
bird_D060.tiff,kawka
bird_D061.tiff,kawka
bird_D062.tiff,kawka
bird_D063.tiff,kawka
bird_D064.tiff,kawka
bird_D065.tiff,kawka
bird_D066.tiff,kawka
bird_D067.tiff,kawka
bird_D068.tiff,kawka
bird_D069.tiff,kawka
bird_D070.tiff,kawka
bird_D071.tiff,kawka
bird_D072.tiff,kawka
bird_D073.tiff,kawka
bird_D074.tiff,kawka
bird_D075.tiff,kawka
bird_D076.tiff,kawka
bird_D077.tiff,kawka
bird_D078.tiff,kawka
bird_D079.tiff,kawka
bird_D080.tiff,kawka
bird_D081.tiff,kawka
bird_D082.tiff,kawka
bird_D083.tiff,kawka
bird_D084.tiff,kawka
bird_D085.tiff,kawka
bird_D086.tiff,kawka
bird_D087.tiff,kawka
bird_D088.tiff,kawka
bird_D089.tiff,kawka
bird_D090.tiff,kawka
bird_D091.tiff,kawka
bird_D092.tiff,kawka
bird_D093.tiff,kawka
bird_D094.tiff,kawka
bird_D095.tiff,kawka
bird_D096.tiff,kawka
bird_D097.tiff,kawka
bird_D098.tiff,kawka
bird_D099.tiff,kawka
bird_D100.tiff,kawka
bird_D101.tiff,kawka
bird_D102.tiff,kawka
bird_D103.tiff,kawka
bird_D104.tiff,kawka
bird_D105.tiff,kawka
bird_D106.tiff,kawka
bird_D107.tiff,kawka
bird_D108.tiff,kawka
bird_D109.tiff,kawka
bird_D110.tiff,kawka
bird_D111.tiff,kawka
bird_D112.tiff,kawka
bird_D113.tiff,kawka
bird_D114.tiff,kawka
bird_D115.tiff,kawka
bird_D116.tiff,kawka
bird_D117.tiff,kawka
bird_D118.tiff,kawka
bird_D119.tiff,kawka
bird_D120.tiff,kawka
bird_D121.tiff,kawka
bird_D122.tiff,kawka
bird_D123.tiff,kawka
bird_D124.tiff,kawka
bird_D125.tiff,kawka
bird_D126.tiff,kawka
bird_D127.tiff,kawka
bird_D128.tiff,kawka
bird_D129.tiff,kawka
bird_D130.tiff,kawka
bird_D131.tiff,kawka
bird_D132.tiff,kawka
bird_D133.tiff,kawka
bird_D134.tiff,kawka
bird_D135.tiff,kawka
bird_D136.tiff,kawka
bird_D137.tiff,kawka
bird_D138.tiff,kawka
bird_D139.tiff,kawka
bird_D140.tiff,kawka
bird_D141.tiff,kawka
bird_D142.tiff,kawka
bird_D143.tiff,kawka
bird_D144.tiff,kawka
bird_D145.tiff,kawka
bird_D146.tiff,kawka
bird_D147.tiff,kawka
bird_D148.tiff,kawka
bird_D149.tiff,kawka
bird_D150.tiff,kawka
bird_D151.tiff,kawka
bird_D152.tiff,kawka
bird_D153.tiff,kawka
bird_D154.tiff,kawka
bird_D155.tiff,kawka
bird_D156.tiff,kawka
bird_D157.tiff,kawka
bird_D158.tiff,kawka
bird_D159.tiff,kawka
bird_D160.tiff,kawka
bird_D161.tiff,kawka
bird_D162.tiff,kawka
bird_D163.tiff,kawka
bird_D164.tiff,kawka
bird_D165.tiff,kawka
bird_D166.tiff,kawka
bird_D167.tiff,kawka
bird_D168.tiff,kawka
bird_D169.tiff,kawka
bird_D170.tiff,kawka
bird_D171.tiff,kawka
bird_D172.tiff,kawka
bird_D173.tiff,kawka
bird_D174.tiff,kawka
bird_D175.tiff,kawka
bird_D176.tiff,kawka
bird_D177.tiff,kawka
bird_D178.tiff,kawka
bird_D179.tiff,kawka
bird_D180.tiff,kawka
bird_D181.tiff,kawka
bird_D182.tiff,kawka
bird_D183.tiff,kawka
bird_D184.tiff,kawka
bird_D185.tiff,kawka
bird_D186.tiff,kawka
bird_D187.tiff,kawka
bird_D188.tiff,kawka
bird_D189.tiff,kawka
bird_D190.tiff,kawka
bird_D191.tiff,kawka
bird_D192.tiff,kawka
bird_D193.tiff,kawka
bird_D194.tiff,kawka
bird_D195.tiff,kawka
bird_D196.tiff,kawka
bird_D197.tiff,kawka
bird_D198.tiff,kawka
bird_D199.tiff,kawka
bird_D200.tiff,kawka
bird_E001.tiff,labedz
bird_E002.tiff,labedz
bird_E003.tiff,labedz
bird_E004.tiff,labedz
bird_E005.tiff,labedz
bird_E006.tiff,labedz
bird_E007.tiff,labedz
bird_E008.tiff,labedz
bird_E009.tiff,labedz
bird_E010.tiff,labedz
bird_E011.tiff,labedz
bird_E012.tiff,labedz
bird_E013.tiff,labedz
bird_E014.tiff,labedz
bird_E015.tiff,labedz
bird_E016.tiff,labedz
bird_E017.tiff,labedz
bird_E018.tiff,labedz
bird_E019.tiff,labedz
bird_E020.tiff,labedz
bird_E021.tiff,labedz
bird_E022.tiff,labedz
bird_E023.tiff,labedz
bird_E024.tiff,labedz
bird_E025.tiff,labedz
bird_E026.tiff,labedz
bird_E027.tiff,labedz
bird_E028.tiff,labedz
bird_E029.tiff,labedz
bird_E030.tiff,labedz
bird_E031.tiff,labedz
bird_E032.tiff,labedz
bird_E033.tiff,labedz
bird_E034.tiff,labedz
bird_E035.tiff,labedz
bird_E036.tiff,labedz
bird_E037.tiff,labedz
bird_E038.tiff,labedz
bird_E039.tiff,labedz
bird_E040.tiff,labedz
bird_E041.tiff,labedz
bird_E042.tiff,labedz
bird_E043.tiff,labedz
bird_E044.tiff,labedz
bird_E045.tiff,labedz
bird_E046.tiff,labedz
bird_E047.tiff,labedz
bird_E048.tiff,labedz
bird_E049.tiff,labedz
bird_E050.tiff,labedz
bird_E051.tiff,labedz
bird_E052.tiff,labedz
bird_E053.tiff,labedz
bird_E054.tiff,labedz
bird_E055.tiff,labedz
bird_E056.tiff,labedz
bird_E057.tiff,labedz
bird_E058.tiff,labedz
bird_E059.tiff,labedz
bird_E060.tiff,labedz
bird_E061.tiff,labedz
bird_E062.tiff,labedz
bird_E063.tiff,labedz
bird_E064.tiff,labedz
bird_E065.tiff,labedz
bird_E066.tiff,labedz
bird_E067.tiff,labedz
bird_E068.tiff,labedz
bird_E069.tiff,labedz
bird_E070.tiff,labedz
bird_E071.tiff,labedz
bird_E072.tiff,labedz
bird_E073.tiff,labedz
bird_E074.tiff,labedz
bird_E075.tiff,labedz
bird_E076.tiff,labedz
bird_E077.tiff,labedz
bird_E078.tiff,labedz
bird_E079.tiff,labedz
bird_E080.tiff,labedz
bird_E081.tiff,labedz
bird_E082.tiff,labedz
bird_E083.tiff,labedz
bird_E084.tiff,labedz
bird_E085.tiff,labedz
bird_E086.tiff,labedz
bird_E087.tiff,labedz
bird_E088.tiff,labedz
bird_E089.tiff,labedz
bird_E090.tiff,labedz
bird_E091.tiff,labedz
bird_E092.tiff,labedz
bird_E093.tiff,labedz
bird_E094.tiff,labedz
bird_E095.tiff,labedz
bird_E096.tiff,labedz
bird_E097.tiff,labedz
bird_E098.tiff,labedz
bird_E099.tiff,labedz
bird_E100.tiff,labedz
bird_E101.tiff,labedz
bird_E102.tiff,labedz
bird_E103.tiff,labedz
bird_E104.tiff,labedz
bird_E105.tiff,labedz
bird_E106.tiff,labedz
bird_E107.tiff,labedz
bird_E108.tiff,labedz
bird_E109.tiff,labedz
bird_E110.tiff,labedz
bird_E111.tiff,labedz
bird_E112.tiff,labedz
bird_E113.tiff,labedz
bird_E114.tiff,labedz
bird_E115.tiff,labedz
bird_E116.tiff,labedz
bird_E117.tiff,labedz
bird_E118.tiff,labedz
bird_E119.tiff,labedz
bird_E120.tiff,labedz
bird_E121.tiff,labedz
bird_E122.tiff,labedz
bird_E123.tiff,labedz
bird_E124.tiff,labedz
bird_E125.tiff,labedz
bird_E126.tiff,labedz
bird_E127.tiff,labedz
bird_E128.tiff,labedz
bird_E129.tiff,labedz
bird_E130.tiff,labedz
bird_E131.tiff,labedz
bird_E132.tiff,labedz
bird_E133.tiff,labedz
bird_E134.tiff,labedz
bird_E135.tiff,labedz
bird_E136.tiff,labedz
bird_E137.tiff,labedz
bird_E138.tiff,labedz
bird_E139.tiff,labedz
bird_E140.tiff,labedz
bird_E141.tiff,labedz
bird_E142.tiff,labedz
bird_E143.tiff,labedz
bird_E144.tiff,labedz
bird_E145.tiff,labedz
bird_E146.tiff,labedz
bird_E147.tiff,labedz
bird_E148.tiff,labedz
bird_E149.tiff,labedz
bird_E150.tiff,labedz
bird_E151.tiff,labedz
bird_E152.tiff,labedz
bird_E153.tiff,labedz
bird_E154.tiff,labedz
bird_E155.tiff,labedz
bird_E156.tiff,labedz
bird_E157.tiff,labedz
bird_E158.tiff,labedz
bird_E159.tiff,labedz
bird_E160.tiff,labedz
bird_E161.tiff,labedz
bird_E162.tiff,labedz
bird_E163.tiff,labedz
bird_E164.tiff,labedz
bird_E165.tiff,labedz
bird_E166.tiff,labedz
bird_E167.tiff,labedz
bird_E168.tiff,labedz
bird_E169.tiff,labedz
bird_E170.tiff,labedz
bird_E171.tiff,labedz
bird_E172.tiff,labedz
bird_E173.tiff,labedz
bird_E174.tiff,labedz
bird_E175.tiff,labedz
bird_E176.tiff,labedz
bird_E177.tiff,labedz
bird_E178.tiff,labedz
bird_E179.tiff,labedz
bird_E180.tiff,labedz
bird_E181.tiff,labedz
bird_E182.tiff,labedz
bird_E183.tiff,labedz
bird_E184.tiff,labedz
bird_E185.tiff,labedz
bird_E186.tiff,labedz
bird_E187.tiff,labedz
bird_E188.tiff,labedz
bird_E189.tiff,labedz
bird_E190.tiff,labedz
bird_E191.tiff,labedz
bird_E192.tiff,labedz
bird_E193.tiff,labedz
bird_E194.tiff,labedz
bird_E195.tiff,labedz
bird_E196.tiff,labedz
bird_E197.tiff,labedz
bird_E198.tiff,labedz
bird_E199.tiff,labedz
bird_E200.tiff,labedz
bird_F001.tiff,mewa
bird_F002.tiff,mewa
bird_F003.tiff,mewa
bird_F004.tiff,mewa
bird_F005.tiff,mewa
bird_F006.tiff,mewa
bird_F007.tiff,mewa
bird_F008.tiff,mewa
bird_F009.tiff,mewa
bird_F010.tiff,mewa
bird_F011.tiff,mewa
bird_F012.tiff,mewa
bird_F013.tiff,mewa
bird_F014.tiff,mewa
bird_F015.tiff,mewa
bird_F016.tiff,mewa
bird_F017.tiff,mewa
bird_F018.tiff,mewa
bird_F019.tiff,mewa
bird_F020.tiff,mewa
bird_F021.tiff,mewa
bird_F022.tiff,mewa
bird_F023.tiff,mewa
bird_F024.tiff,mewa
bird_F025.tiff,mewa
bird_F026.tiff,mewa
bird_F027.tiff,mewa
bird_F028.tiff,mewa
bird_F029.tiff,mewa
bird_F030.tiff,mewa
bird_F031.tiff,mewa
bird_F032.tiff,mewa
bird_F033.tiff,mewa
bird_F034.tiff,mewa
bird_F035.tiff,mewa
bird_F036.tiff,mewa
bird_F037.tiff,mewa
bird_F038.tiff,mewa
bird_F039.tiff,mewa
bird_F040.tiff,mewa
bird_F041.tiff,mewa
bird_F042.tiff,mewa
bird_F043.tiff,mewa
bird_F044.tiff,mewa
bird_F045.tiff,mewa
bird_F046.tiff,mewa
bird_F047.tiff,mewa
bird_F048.tiff,mewa
bird_F049.tiff,mewa
bird_F050.tiff,mewa
bird_F051.tiff,mewa
bird_F052.tiff,mewa
bird_F053.tiff,mewa
bird_F054.tiff,mewa
bird_F055.tiff,mewa
bird_F056.tiff,mewa
bird_F057.tiff,mewa
bird_F058.tiff,mewa
bird_F059.tiff,mewa
bird_F060.tiff,mewa
bird_F061.tiff,mewa
bird_F062.tiff,mewa
bird_F063.tiff,mewa
bird_F064.tiff,mewa
bird_F065.tiff,mewa
bird_F066.tiff,mewa
bird_F067.tiff,mewa
bird_F068.tiff,mewa
bird_F069.tiff,mewa
bird_F070.tiff,mewa
bird_F071.tiff,mewa
bird_F072.tiff,mewa
bird_F073.tiff,mewa
bird_F074.tiff,mewa
bird_F075.tiff,mewa
bird_F076.tiff,mewa
bird_F077.tiff,mewa
bird_F078.tiff,mewa
bird_F079.tiff,mewa
bird_F080.tiff,mewa
bird_F081.tiff,mewa
bird_F082.tiff,mewa
bird_F083.tiff,mewa
bird_F084.tiff,mewa
bird_F085.tiff,mewa
bird_F086.tiff,mewa
bird_F087.tiff,mewa
bird_F088.tiff,mewa
bird_F089.tiff,mewa
bird_F090.tiff,mewa
bird_F091.tiff,mewa
bird_F092.tiff,mewa
bird_F093.tiff,mewa
bird_F094.tiff,mewa
bird_F095.tiff,mewa
bird_F096.tiff,mewa
bird_F097.tiff,mewa
bird_F098.tiff,mewa
bird_F099.tiff,mewa
bird_F100.tiff,mewa
bird_F101.tiff,mewa
bird_F102.tiff,mewa
bird_F103.tiff,mewa
bird_F104.tiff,mewa
bird_F105.tiff,mewa
bird_F106.tiff,mewa
bird_F107.tiff,mewa
bird_F108.tiff,mewa
bird_F109.tiff,mewa
bird_F110.tiff,mewa
bird_F111.tiff,mewa
bird_F112.tiff,mewa
bird_F113.tiff,mewa
bird_F114.tiff,mewa
bird_F115.tiff,mewa
bird_F116.tiff,mewa
bird_F117.tiff,mewa
bird_F118.tiff,mewa
bird_F119.tiff,mewa
bird_F120.tiff,mewa
bird_F121.tiff,mewa
bird_F122.tiff,mewa
bird_F123.tiff,mewa
bird_F124.tiff,mewa
bird_F125.tiff,mewa
bird_F126.tiff,mewa
bird_F127.tiff,mewa
bird_F128.tiff,mewa
bird_F129.tiff,mewa
bird_F130.tiff,mewa
bird_F131.tiff,mewa
bird_F132.tiff,mewa
bird_F133.tiff,mewa
bird_F134.tiff,mewa
bird_F135.tiff,mewa
bird_F136.tiff,mewa
bird_F137.tiff,mewa
bird_F138.tiff,mewa
bird_F139.tiff,mewa
bird_F140.tiff,mewa
bird_F141.tiff,mewa
bird_F142.tiff,mewa
bird_F143.tiff,mewa
bird_F144.tiff,mewa
bird_F145.tiff,mewa
bird_F146.tiff,mewa
bird_F147.tiff,mewa
bird_F148.tiff,mewa
bird_F149.tiff,mewa
bird_F150.tiff,mewa
bird_F151.tiff,mewa
bird_F152.tiff,mewa
bird_F153.tiff,mewa
bird_F154.tiff,mewa
bird_F155.tiff,mewa
bird_F156.tiff,mewa
bird_F157.tiff,mewa
bird_F158.tiff,mewa
bird_F159.tiff,mewa
bird_F160.tiff,mewa
bird_F161.tiff,mewa
bird_F162.tiff,mewa
bird_F163.tiff,mewa
bird_F164.tiff,mewa
bird_F165.tiff,mewa
bird_F166.tiff,mewa
bird_F167.tiff,mewa
bird_F168.tiff,mewa
bird_F169.tiff,mewa
bird_F170.tiff,mewa
bird_F171.tiff,mewa
bird_F172.tiff,mewa
bird_F173.tiff,mewa
bird_F174.tiff,mewa
bird_F175.tiff,mewa
bird_F176.tiff,mewa
bird_F177.tiff,mewa
bird_F178.tiff,mewa
bird_F179.tiff,mewa
bird_F180.tiff,mewa
bird_F181.tiff,mewa
bird_F182.tiff,mewa
bird_F183.tiff,mewa
bird_F184.tiff,mewa
bird_F185.tiff,mewa
bird_F186.tiff,mewa
bird_F187.tiff,mewa
bird_F188.tiff,mewa
bird_F189.tiff,mewa
bird_F190.tiff,mewa
bird_F191.tiff,mewa
bird_F192.tiff,mewa
bird_F193.tiff,mewa
bird_F194.tiff,mewa
bird_F195.tiff,mewa
bird_F196.tiff,mewa
bird_F197.tiff,mewa
bird_F198.tiff,mewa
bird_F199.tiff,mewa
bird_F200.tiff,mewa
bird_G001.tiff,sroka
bird_G002.tiff,sroka
bird_G003.tiff,sroka
bird_G004.tiff,sroka
bird_G005.tiff,sroka
bird_G006.tiff,sroka
bird_G007.tiff,sroka
bird_G008.tiff,sroka
bird_G009.tiff,sroka
bird_G010.tiff,sroka
bird_G011.tiff,sroka
bird_G012.tiff,sroka
bird_G013.tiff,sroka
bird_G014.tiff,sroka
bird_G015.tiff,sroka
bird_G016.tiff,sroka
bird_G017.tiff,sroka
bird_G018.tiff,sroka
bird_G019.tiff,sroka
bird_G020.tiff,sroka
bird_G021.tiff,sroka
bird_G022.tiff,sroka
bird_G023.tiff,sroka
bird_G024.tiff,sroka
bird_G025.tiff,sroka
bird_G026.tiff,sroka
bird_G027.tiff,sroka
bird_G028.tiff,sroka
bird_G029.tiff,sroka
bird_G030.tiff,sroka
bird_G031.tiff,sroka
bird_G032.tiff,sroka
bird_G033.tiff,sroka
bird_G034.tiff,sroka
bird_G035.tiff,sroka
bird_G036.tiff,sroka
bird_G037.tiff,sroka
bird_G038.tiff,sroka
bird_G039.tiff,sroka
bird_G040.tiff,sroka
bird_G041.tiff,sroka
bird_G042.tiff,sroka
bird_G043.tiff,sroka
bird_G044.tiff,sroka
bird_G045.tiff,sroka
bird_G046.tiff,sroka
bird_G047.tiff,sroka
bird_G048.tiff,sroka
bird_G049.tiff,sroka
bird_G050.tiff,sroka
bird_G051.tiff,sroka
bird_G052.tiff,sroka
bird_G053.tiff,sroka
bird_G054.tiff,sroka
bird_G055.tiff,sroka
bird_G056.tiff,sroka
bird_G057.tiff,sroka
bird_G058.tiff,sroka
bird_G059.tiff,sroka
bird_G060.tiff,sroka
bird_G061.tiff,sroka
bird_G062.tiff,sroka
bird_G063.tiff,sroka
bird_G064.tiff,sroka
bird_G065.tiff,sroka
bird_G066.tiff,sroka
bird_G067.tiff,sroka
bird_G068.tiff,sroka
bird_G069.tiff,sroka
bird_G070.tiff,sroka
bird_G071.tiff,sroka
bird_G072.tiff,sroka
bird_G073.tiff,sroka
bird_G074.tiff,sroka
bird_G075.tiff,sroka
bird_G076.tiff,sroka
bird_G077.tiff,sroka
bird_G078.tiff,sroka
bird_G079.tiff,sroka
bird_G080.tiff,sroka
bird_G081.tiff,sroka
bird_G082.tiff,sroka
bird_G083.tiff,sroka
bird_G084.tiff,sroka
bird_G085.tiff,sroka
bird_G086.tiff,sroka
bird_G087.tiff,sroka
bird_G088.tiff,sroka
bird_G089.tiff,sroka
bird_G090.tiff,sroka
bird_G091.tiff,sroka
bird_G092.tiff,sroka
bird_G093.tiff,sroka
bird_G094.tiff,sroka
bird_G095.tiff,sroka
bird_G096.tiff,sroka
bird_G097.tiff,sroka
bird_G098.tiff,sroka
bird_G099.tiff,sroka
bird_G100.tiff,sroka
bird_G101.tiff,sroka
bird_G102.tiff,sroka
bird_G103.tiff,sroka
bird_G104.tiff,sroka
bird_G105.tiff,sroka
bird_G106.tiff,sroka
bird_G107.tiff,sroka
bird_G108.tiff,sroka
bird_G109.tiff,sroka
bird_G110.tiff,sroka
bird_G111.tiff,sroka
bird_G112.tiff,sroka
bird_G113.tiff,sroka
bird_G114.tiff,sroka
bird_G115.tiff,sroka
bird_G116.tiff,sroka
bird_G117.tiff,sroka
bird_G118.tiff,sroka
bird_G119.tiff,sroka
bird_G120.tiff,sroka
bird_G121.tiff,sroka
bird_G122.tiff,sroka
bird_G123.tiff,sroka
bird_G124.tiff,sroka
bird_G125.tiff,sroka
bird_G126.tiff,sroka
bird_G127.tiff,sroka
bird_G128.tiff,sroka
bird_G129.tiff,sroka
bird_G130.tiff,sroka
bird_G131.tiff,sroka
bird_G132.tiff,sroka
bird_G133.tiff,sroka
bird_G134.tiff,sroka
bird_G135.tiff,sroka
bird_G136.tiff,sroka
bird_G137.tiff,sroka
bird_G138.tiff,sroka
bird_G139.tiff,sroka
bird_G140.tiff,sroka
bird_G141.tiff,sroka
bird_G142.tiff,sroka
bird_G143.tiff,sroka
bird_G144.tiff,sroka
bird_G145.tiff,sroka
bird_G146.tiff,sroka
bird_G147.tiff,sroka
bird_G148.tiff,sroka
bird_G149.tiff,sroka
bird_G150.tiff,sroka
bird_G151.tiff,sroka
bird_G152.tiff,sroka
bird_G153.tiff,sroka
bird_G154.tiff,sroka
bird_G155.tiff,sroka
bird_G156.tiff,sroka
bird_G157.tiff,sroka
bird_G158.tiff,sroka
bird_G159.tiff,sroka
bird_G160.tiff,sroka
bird_G161.tiff,sroka
bird_G162.tiff,sroka
bird_G163.tiff,sroka
bird_G164.tiff,sroka
bird_G165.tiff,sroka
bird_G166.tiff,sroka
bird_G167.tiff,sroka
bird_G168.tiff,sroka
bird_G169.tiff,sroka
bird_G170.tiff,sroka
bird_G171.tiff,sroka
bird_G172.tiff,sroka
bird_G173.tiff,sroka
bird_G174.tiff,sroka
bird_G175.tiff,sroka
bird_G176.tiff,sroka
bird_G177.tiff,sroka
bird_G178.tiff,sroka
bird_G179.tiff,sroka
bird_G180.tiff,sroka
bird_G181.tiff,sroka
bird_G182.tiff,sroka
bird_G183.tiff,sroka
bird_G184.tiff,sroka
bird_G185.tiff,sroka
bird_G186.tiff,sroka
bird_G187.tiff,sroka
bird_G188.tiff,sroka
bird_G189.tiff,sroka
bird_G190.tiff,sroka
bird_G191.tiff,sroka
bird_G192.tiff,sroka
bird_G193.tiff,sroka
bird_G194.tiff,sroka
bird_G195.tiff,sroka
bird_G196.tiff,sroka
bird_G197.tiff,sroka
bird_G198.tiff,sroka
bird_G199.tiff,sroka
bird_G200.tiff,sroka
bird_H001.tiff,wrobel
bird_H002.tiff,wrobel
bird_H003.tiff,wrobel
bird_H004.tiff,wrobel
bird_H005.tiff,wrobel
bird_H006.tiff,wrobel
bird_H007.tiff,wrobel
bird_H008.tiff,wrobel
bird_H009.tiff,wrobel
bird_H010.tiff,wrobel
bird_H011.tiff,wrobel
bird_H012.tiff,wrobel
bird_H013.tiff,wrobel
bird_H014.tiff,wrobel
bird_H015.tiff,wrobel
bird_H016.tiff,wrobel
bird_H017.tiff,wrobel
bird_H018.tiff,wrobel
bird_H019.tiff,wrobel
bird_H020.tiff,wrobel
bird_H021.tiff,wrobel
bird_H022.tiff,wrobel
bird_H023.tiff,wrobel
bird_H024.tiff,wrobel
bird_H025.tiff,wrobel
bird_H026.tiff,wrobel
bird_H027.tiff,wrobel
bird_H028.tiff,wrobel
bird_H029.tiff,wrobel
bird_H030.tiff,wrobel
bird_H031.tiff,wrobel
bird_H032.tiff,wrobel
bird_H033.tiff,wrobel
bird_H034.tiff,wrobel
bird_H035.tiff,wrobel
bird_H036.tiff,wrobel
bird_H037.tiff,wrobel
bird_H038.tiff,wrobel
bird_H039.tiff,wrobel
bird_H040.tiff,wrobel
bird_H041.tiff,wrobel
bird_H042.tiff,wrobel
bird_H043.tiff,wrobel
bird_H044.tiff,wrobel
bird_H045.tiff,wrobel
bird_H046.tiff,wrobel
bird_H047.tiff,wrobel
bird_H048.tiff,wrobel
bird_H049.tiff,wrobel
bird_H050.tiff,wrobel
bird_H051.tiff,wrobel
bird_H052.tiff,wrobel
bird_H053.tiff,wrobel
bird_H054.tiff,wrobel
bird_H055.tiff,wrobel
bird_H056.tiff,wrobel
bird_H057.tiff,wrobel
bird_H058.tiff,wrobel
bird_H059.tiff,wrobel
bird_H060.tiff,wrobel
bird_H061.tiff,wrobel
bird_H062.tiff,wrobel
bird_H063.tiff,wrobel
bird_H064.tiff,wrobel
bird_H065.tiff,wrobel
bird_H066.tiff,wrobel
bird_H067.tiff,wrobel
bird_H068.tiff,wrobel
bird_H069.tiff,wrobel
bird_H070.tiff,wrobel
bird_H071.tiff,wrobel
bird_H072.tiff,wrobel
bird_H073.tiff,wrobel
bird_H074.tiff,wrobel
bird_H075.tiff,wrobel
bird_H076.tiff,wrobel
bird_H077.tiff,wrobel
bird_H078.tiff,wrobel
bird_H079.tiff,wrobel
bird_H080.tiff,wrobel
bird_H081.tiff,wrobel
bird_H082.tiff,wrobel
bird_H083.tiff,wrobel
bird_H084.tiff,wrobel
bird_H085.tiff,wrobel
bird_H086.tiff,wrobel
bird_H087.tiff,wrobel
bird_H088.tiff,wrobel
bird_H089.tiff,wrobel
bird_H090.tiff,wrobel
bird_H091.tiff,wrobel
bird_H092.tiff,wrobel
bird_H093.tiff,wrobel
bird_H094.tiff,wrobel
bird_H095.tiff,wrobel
bird_H096.tiff,wrobel
bird_H097.tiff,wrobel
bird_H098.tiff,wrobel
bird_H099.tiff,wrobel
bird_H100.tiff,wrobel
bird_H101.tiff,wrobel
bird_H102.tiff,wrobel
bird_H103.tiff,wrobel
bird_H104.tiff,wrobel
bird_H105.tiff,wrobel
bird_H106.tiff,wrobel
bird_H107.tiff,wrobel
bird_H108.tiff,wrobel
bird_H109.tiff,wrobel
bird_H110.tiff,wrobel
bird_H111.tiff,wrobel
bird_H112.tiff,wrobel
bird_H113.tiff,wrobel
bird_H114.tiff,wrobel
bird_H115.tiff,wrobel
bird_H116.tiff,wrobel
bird_H117.tiff,wrobel
bird_H118.tiff,wrobel
bird_H119.tiff,wrobel
bird_H120.tiff,wrobel
bird_H121.tiff,wrobel
bird_H122.tiff,wrobel
bird_H123.tiff,wrobel
bird_H124.tiff,wrobel
bird_H125.tiff,wrobel
bird_H126.tiff,wrobel
bird_H127.tiff,wrobel
bird_H128.tiff,wrobel
bird_H129.tiff,wrobel
bird_H130.tiff,wrobel
bird_H131.tiff,wrobel
bird_H132.tiff,wrobel
bird_H133.tiff,wrobel
bird_H134.tiff,wrobel
bird_H135.tiff,wrobel
bird_H136.tiff,wrobel
bird_H137.tiff,wrobel
bird_H138.tiff,wrobel
bird_H139.tiff,wrobel
bird_H140.tiff,wrobel
bird_H141.tiff,wrobel
bird_H142.tiff,wrobel
bird_H143.tiff,wrobel
bird_H144.tiff,wrobel
bird_H145.tiff,wrobel
bird_H146.tiff,wrobel
bird_H147.tiff,wrobel
bird_H148.tiff,wrobel
bird_H149.tiff,wrobel
bird_H150.tiff,wrobel
bird_H151.tiff,wrobel
bird_H152.tiff,wrobel
bird_H153.tiff,wrobel
bird_H154.tiff,wrobel
bird_H155.tiff,wrobel
bird_H156.tiff,wrobel
bird_H157.tiff,wrobel
bird_H158.tiff,wrobel
bird_H159.tiff,wrobel
bird_H160.tiff,wrobel
bird_H161.tiff,wrobel
bird_H162.tiff,wrobel
bird_H163.tiff,wrobel
bird_H164.tiff,wrobel
bird_H165.tiff,wrobel
bird_H166.tiff,wrobel
bird_H167.tiff,wrobel
bird_H168.tiff,wrobel
bird_H169.tiff,wrobel
bird_H170.tiff,wrobel
bird_H171.tiff,wrobel
bird_H172.tiff,wrobel
bird_H173.tiff,wrobel
bird_H174.tiff,wrobel
bird_H175.tiff,wrobel
bird_H176.tiff,wrobel
bird_H177.tiff,wrobel
bird_H178.tiff,wrobel
bird_H179.tiff,wrobel
bird_H180.tiff,wrobel
bird_H181.tiff,wrobel
bird_H182.tiff,wrobel
bird_H183.tiff,wrobel
bird_H184.tiff,wrobel
bird_H185.tiff,wrobel
bird_H186.tiff,wrobel
bird_H187.tiff,wrobel
bird_H188.tiff,wrobel
bird_H189.tiff,wrobel
bird_H190.tiff,wrobel
bird_H191.tiff,wrobel
bird_H192.tiff,wrobel